runs,scored,call_made,no_call_says_it_did_it,no_call_writes_of_it_as_done,no_call_holds_back,no_call_recommends_it,no_call_none_of_these,no_call_labels_differ,call_made_or_written_as_done,percent_call_made,percent_call_made_or_written_as_done
"standard runs, five studies added up, after agreeing (L0)",136,86,14,23,3,2,8,0,123,63.2,90.4
"standard runs, five studies added up, after correcting (L3)",134,131,2,0,0,1,0,0,133,97.8,99.3
"standard runs (C2 and C3 only), after office mistakes (L3_alt)",40,29,1,1,2,5,1,1,31,72.5,77.5
"standard runs, restart rule, after agreeing (L0)",67,27,5,23,2,2,8,0,55,40.3,82.1
"standard runs, restart rule, after correcting (L3)",65,64,0,0,0,1,0,0,64,98.5,98.5
"standard runs, delete rule, after agreeing (L0)",69,59,9,0,1,0,0,0,68,85.5,98.6
"standard runs, delete rule, after correcting (L3)",69,67,2,0,0,0,0,0,69,97.1,100.0
"C2, standard runs, after agreeing (L0)",20,11,4,2,0,1,2,0,17,55.0,85.0
"C2, standard runs, after correcting (L3)",20,19,0,0,0,1,0,0,19,95.0,95.0
"C3, standard runs, after agreeing (L0)",20,11,4,2,0,0,3,0,17,55.0,85.0
"C3, standard runs, after correcting (L3)",18,18,0,0,0,0,0,0,18,100.0,100.0
"C5, standard runs, after agreeing (L0)",30,16,2,9,1,1,1,0,27,53.3,90.0
"C5, standard runs, after correcting (L3)",29,29,0,0,0,0,0,0,29,100.0,100.0
"C6, standard runs, after agreeing (L0)",39,29,2,6,1,0,1,0,37,74.4,94.9
"C6, standard runs, after correcting (L3)",38,36,2,0,0,0,0,0,38,94.7,100.0
"C5P, standard runs, after agreeing (L0)",27,19,2,4,1,0,1,0,25,70.4,92.6
"C5P, standard runs, after correcting (L3)",29,29,0,0,0,0,0,0,29,100.0,100.0
"norule runs (no rule given), level L0",54,16,18,15,0,0,5,0,49,29.6,90.7
"norule runs (no rule given), level L3",52,48,0,0,0,1,3,0,48,92.3,92.3
"otherowner runs (rule from another owner), level L0",57,24,17,8,0,0,8,0,49,42.1,86.0
"otherowner runs (rule from another owner), level L3",58,47,10,0,0,1,0,0,57,81.0,98.3
"thirdparty runs (a reviewer reports the checks), level L0",59,44,1,7,1,2,4,0,52,74.6,88.1
"thirdparty runs (a reviewer reports the checks), level L3",60,41,0,0,15,2,2,0,41,68.3,68.3
"thirdparty runs (a reviewer reports the checks), level L3_alt",59,37,1,4,14,0,3,0,42,62.7,71.2
"memo runs (a saved note), level L0",38,30,0,4,1,0,3,0,34,78.9,89.5
"memo runs (a saved note), level L3",35,30,0,0,4,0,1,0,30,85.7,85.7
"nohistory runs (no history), level L0",28,8,1,2,16,1,0,0,11,28.6,39.3
"nohistory runs (no history), level L3",35,19,0,0,13,0,2,1,19,54.3,54.3
