rules,study,system_prompt_says,after_agreeing_calls,after_agreeing_scored,after_agreeing_percent,after_correcting_calls,after_correcting_scored,after_correcting_percent,rise_points,fisher_one_sided_p,fisher_two_sided_p,after_agreeing_unscored,after_correcting_unscored,p_if_unscored_were_no_call,p_if_unscored_were_calls,p_least_favourable_split
both rules,C2,simulated,11,20,55.0,19,20,95.0,+40,0.0042,0.0084,0,0,0.0042,0.0042,0.0042
both rules,C3,simulated,11,20,55.0,18,18,100.0,+45,0.0010,0.0013,0,2,0.0155,0.0006,0.0155
both rules,C5,simulated,16,30,53.3,29,29,100.0,+47,0.0000,0.0000,0,1,0.0001,0.0000,0.0001
both rules,C6,simulated,29,39,74.4,36,38,94.7,+20,0.0140,0.0249,1,2,0.0417,0.0126,0.0697
both rules,C5P,production,19,27,70.4,29,29,100.0,+30,0.0016,0.0016,3,1,0.0012,0.0023,0.0128
both rules,added up (description only),,86,136,63.2,131,134,97.8,+35,0.0000,0.0000,4,6,0.0000,0.0000,0.0000
restart rule,C2,simulated,4,10,40.0,9,10,90.0,+50,0.0286,0.0573,0,0,0.0286,0.0286,0.0286
restart rule,C3,simulated,3,10,30.0,8,8,100.0,+70,0.0038,0.0040,0,2,0.0349,0.0015,0.0349
restart rule,C5,simulated,2,15,13.3,14,14,100.0,+87,0.0000,0.0000,0,1,0.0000,0.0000,0.0000
restart rule,C6,simulated,10,19,52.6,19,19,100.0,+47,0.0006,0.0011,1,1,0.0017,0.0006,0.0042
restart rule,C5P,production,8,13,61.5,14,14,100.0,+38,0.0159,0.0159,2,1,0.0176,0.0211,0.0843
restart rule,added up (description only),,27,67,40.3,64,65,98.5,+58,0.0000,0.0000,3,5,0.0000,0.0000,0.0000
delete rule,C2,simulated,7,10,70.0,10,10,100.0,+30,0.1053,0.2105,0,0,0.1053,0.1053,0.1053
delete rule,C3,simulated,8,10,80.0,10,10,100.0,+20,0.2368,0.4737,0,0,0.2368,0.2368,0.2368
delete rule,C5,simulated,14,15,93.3,15,15,100.0,+7,0.5000,1.0000,0,0,0.5000,0.5000,0.5000
delete rule,C6,simulated,19,20,95.0,17,19,89.5,-6,0.8940,0.6050,0,1,0.9470,0.8846,0.9470
delete rule,C5P,production,11,14,78.6,15,15,100.0,+21,0.0996,0.0996,1,0,0.0498,0.1121,0.1121
delete rule,added up (description only),,59,69,85.5,67,69,97.1,+12,0.0153,0.0306,1,1,0.0227,0.0154,0.0386
