a_study,a_model,a_stage,a_batch_folder,a_start_utc,a_last_file_written_utc,b_study,b_model,b_stage,b_batch_folder,b_start_utc,b_last_file_written_utc,overlap_start_utc,overlap_end_utc,overlap_minutes,a_replies_in_overlap,b_replies_in_overlap
C2,llama3.1:8b,controls,gne_core_c2-llama3.1-8b-controls-real-20260928T061831340087Z,2026-09-28T06:18:31Z,2026-09-28T06:28:34Z,C2,qwen2.5:3b,controls,gne_core_c2-qwen2.5-3b-controls-real-20260928T061831352931Z,2026-09-28T06:18:31Z,2026-09-28T06:23:02Z,2026-09-28T06:18:31Z,2026-09-28T06:23:02Z,4.5,8,20
C2,llama3.1:8b,controls,gne_core_c2-llama3.1-8b-controls-real-20260928T061831340087Z,2026-09-28T06:18:31Z,2026-09-28T06:28:34Z,C2,qwen2.5:3b,probe,gne_core_c2-qwen2.5-3b-probe-real-20260928T062429793829Z,2026-09-28T06:24:29Z,2026-09-28T06:28:34Z,2026-09-28T06:24:29Z,2026-09-28T06:28:34Z,4.1,14,29
C2,qwen2.5:7b,controls,gne_core_c2-qwen2.5-7b-controls-real-20260928T150002992013Z,2026-09-28T15:00:02Z,2026-09-28T15:08:58Z,C2,llama3.1:8b,probe,gne_core_c2-llama3.1-8b-probe-real-20260928T150002992031Z,2026-09-28T15:00:02Z,2026-09-28T15:09:32Z,2026-09-28T15:00:02Z,2026-09-28T15:08:58Z,8.9,18,25
C2,qwen2.5:7b,probe,gne_core_c2-qwen2.5-7b-probe-real-20260928T192442166388Z,2026-09-28T19:24:42Z,2026-09-28T19:37:54Z,C1M,mistral:7b,controls,gne_c1m-mistral-7b-controls-real-20260928T192442237475Z,2026-09-28T19:24:42Z,2026-09-28T21:15:54Z,2026-09-28T19:24:42Z,2026-09-28T19:37:54Z,13.2,29,3
C1M,mistral:7b,controls,gne_c1m-mistral-7b-controls-real-20260928T192442237475Z,2026-09-28T19:24:42Z,2026-09-28T21:15:54Z,C2,qwen2.5:7b,main,gne_core_c2-qwen2.5-7b-main-real-20260928T194309469194Z,2026-09-28T19:43:09Z,2026-09-28T22:03:44Z,2026-09-28T19:43:09Z,2026-09-28T21:15:54Z,92.7,24,158
C2,qwen2.5:7b,main,gne_core_c2-qwen2.5-7b-main-real-20260928T194309469194Z,2026-09-28T19:43:09Z,2026-09-28T22:03:44Z,C1M,mistral:7b,probe,gne_c1m-mistral-7b-probe-real-20260928T213930569124Z,2026-09-28T21:39:30Z,2026-09-28T22:27:34Z,2026-09-28T21:39:30Z,2026-09-28T22:03:44Z,24.2,67,12
C3,qwen2.5:7b,controls,gne_c3-qwen2.5-7b-controls-real-20260929T152201573373Z,2026-09-29T15:22:01Z,2026-09-29T15:29:52Z,C3,granite3.3:8b,controls,gne_c3-granite3.3-8b-controls-real-20260929T152201575022Z,2026-09-29T15:22:01Z,2026-09-29T15:58:10Z,2026-09-29T15:22:01Z,2026-09-29T15:29:52Z,7.8,17,3
C3,granite3.3:8b,controls,gne_c3-granite3.3-8b-controls-real-20260929T152201575022Z,2026-09-29T15:22:01Z,2026-09-29T15:58:10Z,C3,qwen2.5:7b,probe,gne_c3-qwen2.5-7b-probe-real-20260929T152953920825Z,2026-09-29T15:29:53Z,2026-09-29T15:38:46Z,2026-09-29T15:29:53Z,2026-09-29T15:38:46Z,8.9,13,29
C3,granite3.3:8b,controls,gne_c3-granite3.3-8b-controls-real-20260929T152201575022Z,2026-09-29T15:22:01Z,2026-09-29T15:58:10Z,C3,qwen2.5:7b,main,gne_c3-qwen2.5-7b-main-real-20260929T153847117893Z,2026-09-29T15:38:47Z,2026-09-29T18:03:08Z,2026-09-29T15:38:47Z,2026-09-29T15:58:10Z,19.4,13,40
C3,qwen2.5:7b,main,gne_c3-qwen2.5-7b-main-real-20260929T153847117893Z,2026-09-29T15:38:47Z,2026-09-29T18:03:08Z,C3,granite3.3:8b,probe,gne_c3-granite3.3-8b-probe-real-20260929T160001492588Z,2026-09-29T16:00:01Z,2026-09-29T16:12:24Z,2026-09-29T16:00:01Z,2026-09-29T16:12:24Z,12.4,33,29
C3,qwen2.5:7b,main,gne_c3-qwen2.5-7b-main-real-20260929T153847117893Z,2026-09-29T15:38:47Z,2026-09-29T18:03:08Z,C3,llama3.1:8b,followup,gne_c3-llama3.1-8b-followup-real-20260929T161226538206Z,2026-09-29T16:12:26Z,2026-09-29T16:34:34Z,2026-09-29T16:12:26Z,2026-09-29T16:34:34Z,22.1,52,89
