study,package,first_batch_start_utc,last_reply_utc,real_batches,runs_scheduled_all_batches,run_records,freeze_utc,freeze_precision,freeze_clock,freeze_text,freeze_source,freeze_source_file_written_utc,minutes_from_freeze_to_first_start,batches_set_aside,earliest_set_aside_start_utc,deviations_file,deviations_file_written_utc,plan_deviations_heading_line,plan_deviations_entry_lines
V6,lab/phase1_v6_frozen_2x2,2026-09-27T01:18:59Z,2026-09-27T02:01:56Z,1,20,20,2026-09-27T01:03Z,minute,UTC (the text says UTC),- Date/time frozen: 2026-09-27 01:03 UTC,lab/phase1_v6_frozen_2x2/PREREGISTRATION.md line 170,2026-09-27T06:35:02Z,16.0,0,,none,,185,10
X1,lab/phase1_x1_scope_explicit,2026-09-27T02:37:46Z,2026-09-27T03:03:25Z,1,40,40,2026-09-27T02:37:46Z,second,UTC (the text says UTC),- Frozen (UTC): 2026-09-27 02:37:46,lab/phase1_x1_scope_explicit/FREEZE.md line 3,2026-09-27T02:37:46Z,0.0,0,,none,,81,0
V7,lab/phase1_v7_timeout,2026-09-27T03:19:12Z,2026-09-27T07:07:39Z,2,40,34,2026-09-27T03:18Z,minute,UTC (the text says UTC),- Date/time frozen: 2026-09-27 03:18 UTC,lab/phase1_v7_timeout/PREREGISTRATION.md line 193,2026-09-27T03:18:18Z,1.2,0,,none,,206,0
C1,lab/gne_core_c1,2026-09-27T14:24:18Z,2026-09-28T03:36:26Z,7,240,240,2026-09-27T14:20:51Z,second,UTC (the text says UTC),- Frozen (UTC): 2026-09-27 14:20:51,lab/gne_core_c1/FREEZE.md line 3,2026-09-27T14:20:50Z,3.5,3,2026-09-27T15:52:38Z,lab/gne_core_c1/DEVIATIONS.md,2026-09-28T03:23:32Z,94,0
C2,lab/gne_core_c2,2026-09-28T06:18:31Z,2026-09-28T22:03:45Z,7,246,246,2026-09-28T06:16:51Z,second,UTC (the text says UTC),- Frozen (UTC): 2026-09-28 06:16:51,lab/gne_core_c2/FREEZE.md line 3,2026-09-28T06:16:50Z,1.7,0,,lab/gne_core_c2/DEVIATIONS.md,2026-09-28T19:43:08Z,,
C1M,lab/gne_c1m,2026-09-28T19:24:42Z,2026-09-29T12:43:26Z,3,114,114,2026-09-28T19:24:42Z,second,UTC (the text says UTC),- Frozen (UTC): 2026-09-28 19:24:42,lab/gne_c1m/FREEZE.md line 3,2026-09-28T19:24:42Z,0.0,0,,lab/gne_c1m/DEVIATIONS.md,2026-09-29T10:17:58Z,,
C3,lab/gne_c3,2026-09-29T15:22:01Z,2026-09-30T08:56:39Z,9,456,456,2026-09-29T14:58:15Z,second,UTC (the text says UTC),- Frozen (UTC): 2026-09-29 14:58:15,lab/gne_c3/FREEZE.md line 3,2026-09-29T14:58:14Z,23.8,0,,lab/gne_c3/DEVIATIONS.md,2026-09-30T03:57:46Z,,
C4,lab/gne_c4,2026-09-30T18:38:17Z,2026-09-30T21:04:20Z,10,516,516,2026-09-30T18:38:17Z,second,UTC (the text says UTC),- Frozen (UTC): 2026-09-30 18:38:17,lab/gne_c4/FREEZE.md line 3,2026-09-30T18:38:16Z,0.0,0,,lab/gne_c4/DEVIATIONS.md,2026-10-01T03:45:34Z,,
C4G,lab/gne_c4g,2026-10-01T03:45:54Z,2026-10-01T07:02:49Z,3,162,162,2026-10-01T03:45:54Z,second,UTC (the text says UTC),- Frozen (UTC): 2026-10-01 03:45:54,lab/gne_c4g/FREEZE.md line 3,2026-10-01T03:45:54Z,0.0,0,,none,,,
C5,lab/gne_c5,2026-10-01T07:48:51Z,2026-10-01T18:35:04Z,3,432,432,2026-10-01T07:25:13Z,second,UTC (the text says UTC),- Frozen (UTC): 2026-10-01 07:25:13,lab/gne_c5/FREEZE.md line 3,2026-10-01T07:25:12Z,23.6,1,2026-10-01T07:25:13Z,lab/gne_c5/DEVIATIONS.md,2026-10-01T07:48:06Z,,
C6,lab/gne_c6,2026-10-01T22:26:08Z,2026-10-02T21:11:14Z,3,312,312,2026-10-01T22:26:07Z,second,UTC (the text says UTC),- Frozen (UTC): 2026-10-01 22:26:07,lab/gne_c6/FREEZE.md line 3,2026-10-01T22:26:06Z,0.0,0,,lab/gne_c6/DEVIATIONS.md,2026-10-02T09:58:48Z,,
C5P,lab/gne_c5p,2026-10-02T21:28:26Z,2026-10-03T20:05:57Z,3,432,432,2026-10-02T21:28:07Z,second,UTC (the text says UTC),- Frozen (UTC): 2026-10-02 21:28:07,lab/gne_c5p/FREEZE.md line 3,2026-10-02T21:28:06Z,0.3,0,,none,,,
